Mnemonic,Frequency
aaa,3
aad,1
aam,1
aas,5
adc,10
add,7152
and,665
arpl,16
bswap,2
call,6266
cdq,72
clc,1
cld,15
cmova,6
cmovb,2
cmove,8
cmovne,10
cmovs,2
cmp,3895
cmpsb,2
cvttsd2si,2
cwde,4
das,1
dec,1588
div,26
enter,2
fadd,2
fcmovb,1
fcomp,2
fdiv,3
fild,1
fld,11
fldcw,1
fmul,1
fnclex,2
fnstcw,1
fnstsw,4
fprem1,1
fsin,2
fst,1
fstp,12
fsubr,2
fxch,1
hlt,1
idiv,14
imul,52
in,3
inc,707
insd,1
int,6
int3,5442
iretd,2
ja,113
jae,211
jb,687
jbe,158
je,2184
jg,237
jge,139
jl,146
jle,122
jmp,1600
jne,2097
jnp,11
jns,13
jo,1
jp,2
js,30
lcall,1
lds,2
lea,3679
leave,93
les,8
ljmp,4
lock cmpxchg,1
lock or,1
lock xadd,130
lodsb,1
loope,1
loopne,2
mov,21962
movdqa,10
movq,5
movsb,3
movsd,6
movsx,41
movzx,722
mul,11
neg,62
nop,108
not,12
or,623
out,2
outsd,2
pop,3552
popal,1
popfd,2
push,12743
pushal,2
pushfd,7
pxor,1
rcl,1
rcr,1
rep movsd,35
rep stosb,1
rep stosd,10
repne scasb,2
repz ret,4
ret,1583
retf,2
rol,15
ror,5
sahf,5
sar,142
sbb,74
seta,2
setb,2
sete,24
setg,3
setge,2
setl,8
setne,43
seto,2
shl,272
shld,42
shr,270
std,9
stosb,3
stosd,27
stosw,1
sub,1205
sysret,1
test,2119
wait,4
xchg,12
xor,2068
xorps,2
