Mnemonic,Frequency,Label
aaa,3,0
aad,1,1
aam,1,0
aas,5,0
adc,10,0
add,7152,1
and,665,0
arpl,16,0
bswap,2,0
call,6266,1
cdq,72,0
clc,1,0
cld,15,0
cmova,6,0
cmovb,2,1
cmove,8,0
cmovne,10,1
cmovs,2,1
cmp,3895,1
cmpsb,2,0
cvttsd2si,2,1
cwde,4,0
das,1,1
dec,1588,1
div,26,1
enter,2,1
fadd,2,1
fcmovb,1,1
fcomp,2,1
fdiv,3,1
fild,1,0
fld,11,0
fldcw,1,1
fmul,1,1
fnclex,2,1
fnstcw,1,0
fnstsw,4,1
fprem1,1,0
fsin,2,0
fst,1,0
fstp,12,0
fsubr,2,0
fxch,1,1
hlt,1,1
idiv,14,1
imul,52,1
in,3,1
inc,707,0
insd,1,1
int,6,1
int3,5442,0
iretd,2,1
ja,113,0
jae,211,1
jb,687,0
jbe,158,1
je,2184,1
jg,237,0
jge,139,0
jl,146,0
jle,122,0
jmp,1600,0
jne,2097,0
jnp,11,0
jns,13,0
jo,1,1
jp,2,1
js,30,0
lcall,1,1
lds,2,1
lea,3679,1
leave,93,1
les,8,0
ljmp,4,1
lock cmpxchg,1,0
lock or,1,1
lock xadd,130,1
lodsb,1,1
loope,1,0
loopne,2,1
mov,21962,0
movdqa,10,1
movq,5,0
movsb,3,1
movsd,6,0
movsx,41,0
movzx,722,1
mul,11,0
neg,62,1
nop,108,1
not,12,1
or,623,1
out,2,1
outsd,2,1
pop,3552,1
popal,1,1
popfd,2,1
push,12743,1
pushal,2,1
pushfd,7,0
pxor,1,0
rcl,1,1
rcr,1,1
rep movsd,35,1
rep stosb,1,1
rep stosd,10,1
repne scasb,2,1
repz ret,4,1
ret,1583,1
retf,2,0
rol,15,1
ror,5,0
sahf,5,1
sar,142,1
sbb,74,0
seta,2,1
setb,2,0
sete,24,1
setg,3,1
setge,2,0
setl,8,1
setne,43,0
seto,2,1
shl,272,0
shld,42,0
shr,270,1
std,9,1
stosb,3,0
stosd,27,1
stosw,1,1
sub,1205,1
sysret,1,0
test,2119,0
wait,4,0
xchg,12,0
xor,2068,0
xorps,2,0
